,loss,val_loss
0,75.85530090332031,71.85773468017578
1,60.16294860839844,51.92355728149414
