,accuracy,f1
0,0.03089143865842895,0.028384152788743473
