,loss,val_loss
0,66.1087417602539,42.977291107177734
1,30.80180549621582,33.427330017089844
