,accuracy,f1
0,0.052368343630479555,0.044722461249892737
